Powierzchnia,Cena
113,170000
138,340000
80,230000
200,440000
160,310000
89,136000
94,185000
79,146150
157,340000
105,225000
130,320000
120,270000
100,170000
74,180000
90,205000
151,225000
145,410000
126,250000
64,155000
105,230000
163,340000
76,115000
130,28000
143,360000
200,360000
150,350000
130,300000
120,200000
56,158000
136,300000
140,275000
110,150000
100,230000
120,240000
126,330000
278,750000
186,470000
188,650000
87,243000
165,650000
130,285000
60,180000
75,190000
100,400000
138,295000
72,160000
62,109000
85,150000
52,85000
120,245000
153,339000
115,168000
100,125000
70,230000
125,210000
157,441000
187,570000
57,145000
126,330000
163,340000
105,220000
153,360000
120,230000
100,90000
140,290000
170,295000
76,120000
160,310000
130,95000
100,310000
72,160000
110,220000
170,350000
120,280000
155,300000
175,440000
170,350000
140,240000
100,170000
174,500000
107,220000
122,268000
115,310000
200,355000
90,135000
187,465000
191,370000
120,270000
169,410000
124,284000
